{"sane": true, "normalizes": true, "log_prob": -867.6423985697329, "avg_log_prob": -1.7352847971394658, "perplexity": 5.6705425281508655}