{"sane": true, "normalizes": true, "log_prob": -908.3182911723852, "avg_log_prob": -1.8166365823447703, "perplexity": 6.1511347829178185}